Segment Length(ms),Accuracy,Type
50,71.51023207957013,Raw
50,68.13383636294348,Filtered
100,76.24224791363602,Raw
100,72.85047086746803,Filtered
150,78.22776047075112,Raw
150,74.68558901580708,Filtered
200,79.73724884080372,Raw
200,75.37867078825347,Filtered
250,80.76475155279503,Raw
250,76.16459627329193,Filtered
300,81.437265917603,Raw
300,77.01310861423221,Filtered
350,80.83356183164244,Raw
350,76.5012338908692,Filtered
400,78.56917743460447,Raw
400,77.59218405294673,Filtered
